state,area,pop,density
California,423967,383325521,904.1399944
Texas,695662,26448193,38.01874042
New York,141297,19561127,138.4397899
Florida,170312,19552860,114.8061205
